{
    "test_accuracy": 0.5580110497237569,
    "test_f1_macro": 0.551980198019802,
    "inference_latency_ms": 11.598420209975302,
    "latency_std_ms": 3.2301680556179626,
    "total_flops": 130729356288.0,
    "total_gflops": 130.729356288,
    "model_parameters_count": 87399426.0,
    "peak_vram_mb": 0.0
}
