{
  "model_name": "distilroberta-base",
  "train_time_sec": 89.74050975299997,
  "train_ram_before_mb": 1467.5234375,
  "train_ram_after_mb": 1616.87109375,
  "train_gpu_peak_mb": 1327.6884765625,
  "eval_loss": 1.2088426351547241,
  "eval_accuracy": 0.6519337016574586,
  "eval_precision": 0.651685393258427,
  "eval_recall": 0.6444444444444445,
  "eval_f1": 0.6480446927374302,
  "eval_runtime": 0.3521,
  "eval_samples_per_second": 514.097,
  "eval_steps_per_second": 34.084,
  "epoch": 5.0,
  "test_accuracy": 0.6519337016574586,
  "test_precision": 0.651685393258427,
  "test_recall": 0.6444444444444445,
  "test_f1": 0.6480446927374302,
  "classifier_infer_total_sec": 0.3672966659996746,
  "classifier_latency_mean_ms": 1.5253443149119765,
  "classifier_latency_std_ms": 0.49997194741652196,
  "classifier_ram_before_mb": 1614.66015625,
  "classifier_ram_after_mb": 1616.74609375,
  "classifier_gpu_peak_mb": 995.53125,
  "approx_flops_per_sample": null
}